<?xml version="1.0" encoding="UTF-8"?>
<project-private xmlns="http://www.netbeans.org/ns/project-private/1">
    <editor-bookmarks xmlns="http://www.netbeans.org/ns/editor-bookmarks/2" lastBookmarkId="0"/>
    <open-files xmlns="http://www.netbeans.org/ns/projectui-open-files/2">
        <group>
            <file>file:/home/tiamat/devel/java/fund/Zoologico/src/zoologico/Zoologico.java</file>
            <file>file:/home/tiamat/devel/java/fund/Zoologico/src/zoologico/Jaula.java</file>
            <file>file:/home/tiamat/devel/java/fund/Zoologico/src/zoologico/Jaguar.java</file>
            <file>file:/home/tiamat/devel/java/fund/Zoologico/src/zoologico/Mamifero.java</file>
            <file>file:/home/tiamat/devel/java/fund/Zoologico/src/zoologico/Serpiente.java</file>
            <file>file:/home/tiamat/devel/java/fund/Zoologico/src/zoologico/Reptil.java</file>
            <file>file:/home/tiamat/devel/java/fund/Zoologico/src/zoologico/Orangutan.java</file>
            <file>file:/home/tiamat/devel/java/fund/Zoologico/src/zoologico/Animal.java</file>
        </group>
    </open-files>
</project-private>
